0;sum
Вакансии и резюме;41.44124985937916
Жизнь и цели;27.663455137259184
Исследования и стратегии;23.54019696926904
Карьера и развитие;22.711690938636576
Машинное обучение и статистика;40.583040935672514
Обучение и опыт;30.0401993754504
Общие темы;27.663455137259184
Продажи и бизнес;15.844196428571427
Психология и рекомендации;24.09771547190603
Работа и проекты;35.044643283836834
Собеседование и сообщество;33.45094292559546
Стажировка и мечты;33.99352294878611
Статьи и методы;40.1451068616423
Тестирование и навыки;32.057874059482764
